CASE,MOS,RES,BJT,TEMP,VDD
typical_tm40_v297,typical,res_typical,bjt_typical,-40,2.97
typical_tm40_v330,typical,res_typical,bjt_typical,-40,3.3
typical_tm40_v363,typical,res_typical,bjt_typical,-40,3.63
typical_t25_v297,typical,res_typical,bjt_typical,25,2.97
typical_t25_v330,typical,res_typical,bjt_typical,25,3.3
typical_t25_v363,typical,res_typical,bjt_typical,25,3.63
typical_t125_v297,typical,res_typical,bjt_typical,125,2.97
typical_t125_v330,typical,res_typical,bjt_typical,125,3.3
typical_t125_v363,typical,res_typical,bjt_typical,125,3.63
ff_tm40_v297,ff,res_ff,bjt_ff,-40,2.97
ff_tm40_v330,ff,res_ff,bjt_ff,-40,3.3
ff_tm40_v363,ff,res_ff,bjt_ff,-40,3.63
ff_t25_v297,ff,res_ff,bjt_ff,25,2.97
ff_t25_v330,ff,res_ff,bjt_ff,25,3.3
ff_t25_v363,ff,res_ff,bjt_ff,25,3.63
ff_t125_v297,ff,res_ff,bjt_ff,125,2.97
ff_t125_v330,ff,res_ff,bjt_ff,125,3.3
ff_t125_v363,ff,res_ff,bjt_ff,125,3.63
fs_tm40_v297,fs,res_typical,bjt_typical,-40,2.97
fs_tm40_v330,fs,res_typical,bjt_typical,-40,3.3
fs_tm40_v363,fs,res_typical,bjt_typical,-40,3.63
fs_t25_v297,fs,res_typical,bjt_typical,25,2.97
fs_t25_v330,fs,res_typical,bjt_typical,25,3.3
fs_t25_v363,fs,res_typical,bjt_typical,25,3.63
fs_t125_v297,fs,res_typical,bjt_typical,125,2.97
fs_t125_v330,fs,res_typical,bjt_typical,125,3.3
fs_t125_v363,fs,res_typical,bjt_typical,125,3.63
sf_tm40_v297,sf,res_typical,bjt_typical,-40,2.97
sf_tm40_v330,sf,res_typical,bjt_typical,-40,3.3
sf_tm40_v363,sf,res_typical,bjt_typical,-40,3.63
sf_t25_v297,sf,res_typical,bjt_typical,25,2.97
sf_t25_v330,sf,res_typical,bjt_typical,25,3.3
sf_t25_v363,sf,res_typical,bjt_typical,25,3.63
sf_t125_v297,sf,res_typical,bjt_typical,125,2.97
sf_t125_v330,sf,res_typical,bjt_typical,125,3.3
sf_t125_v363,sf,res_typical,bjt_typical,125,3.63
ss_tm40_v297,ss,res_ss,bjt_ss,-40,2.97
ss_tm40_v330,ss,res_ss,bjt_ss,-40,3.3
ss_tm40_v363,ss,res_ss,bjt_ss,-40,3.63
ss_t25_v297,ss,res_ss,bjt_ss,25,2.97
ss_t25_v330,ss,res_ss,bjt_ss,25,3.3
ss_t25_v363,ss,res_ss,bjt_ss,25,3.63
ss_t125_v297,ss,res_ss,bjt_ss,125,2.97
ss_t125_v330,ss,res_ss,bjt_ss,125,3.3
ss_t125_v363,ss,res_ss,bjt_ss,125,3.63